[
  {
    "inputs": [],
    "stateMutability": "nonpayable",
    "type": "constructor"
  },
  {
    "inputs": [
      { "internalType": "address", "name": "customer", "type": "address" },
      { "internalType": "string", "name": "_name", "type": "string" },
      { "internalType": "string", "name": "_dob", "type": "string" },
      { "internalType": "string", "name": "_homeAddress", "type": "string" },
      { "internalType": "bytes32", "name": "_documentHash", "type": "bytes32" },
      { "internalType": "string", "name": "_fileKey", "type": "string" }
    ],
    "name": "submitKYC",
    "outputs": [],
    "stateMutability": "payable",
    "type": "function"
  },
  {
    "inputs": [
      { "internalType": "address", "name": "customer", "type": "address" },
      { "internalType": "string", "name": "_name", "type": "string" },
      { "internalType": "string", "name": "_dob", "type": "string" },
      { "internalType": "string", "name": "_homeAddress", "type": "string" },
      { "internalType": "bytes32", "name": "_documentHash", "type": "bytes32" },
      { "internalType": "string", "name": "_fileKey", "type": "string" }
    ],
    "name": "updateKYC",
    "outputs": [],
    "stateMutability": "payable",
    "type": "function"
  },
  {
    "inputs": [
      { "internalType": "address", "name": "_customer", "type": "address" }
    ],
    "name": "getKYCInfo",
    "outputs": [
      { "internalType": "string", "name": "name", "type": "string" },
      { "internalType": "string", "name": "dob", "type": "string" },
      { "internalType": "string", "name": "homeAddress", "type": "string" },
      { "internalType": "bytes32", "name": "documentHash", "type": "bytes32" },
      { "internalType": "string", "name": "fileKey", "type": "string" },
      { "internalType": "bool", "name": "isVerified", "type": "bool" }
    ],
    "stateMutability": "view",
    "type": "function"
  }
]
